Author	n (strains)	publication title	journal	publication URL	strains
?national centre for disease control (ncdc)	7			unknown	A/India/159/2014
aichi prefectural institute of public health	77			unknown	A/Aichi/74/2011,A/Aichi/189/2011,A/Aichi/100/2015,A/Aichi/178/2016
centers for disease control and prevention	9518			unknown	A/BurkinaFaso/876/2013,A/California/5/2009,A/Kyrgyzstan/15/2010,A/Guatemala/175/2010,A/Bangladesh/2872/2009,A/Brazil/1394/2010,A/StPetersburg/1/2009,A/Kyrgyzstan/243/2009,A/Brazil/7029/2010,A/Guam/6687/2009,A/Peru/107/2013,A/Bolivia/272/2010,A/Brazil/3931/2010,A/Colombia/330/2009,A/Mexico/2964/2009,A/California/4/2009,A/Guangdong-Xiangzhou/1623/2011,A/Venezuela/29/2010,A/Suriname/777/2010,A/Alaska/14/2011,A/Ethiopia/6/2010,A/Tanzania/412/2011,A/Colombia/7779/2010,A/Indiana/5/2010,A/Venezuela/80/2011,A/Valparaiso/11240/2011,A/Oman/1102/2011,A/Trinidad/1648/2011,A/Natal/117057/2012,A/Kenya/7495/2011,A/Uruguay/863/2011,A/Argentina/1171/2011,A/Bolivia/262/2011,A/Ontario/RV1255/2011,A/Uganda/2707/2011,A/Brazil/229/2012,A/Santiago/14689/2011,A/Santiago/17529/2011,A/Paraguay/188/2011,A/Paraguay/105/2011,A/Colombia/4117/2009,A/NorthCarolina/6/2010,A/India/3725/2010,A/Florida/8/2011,A/Bangladesh/6004/2010,A/Pakistan/680/2011,A/Srinigar/4/2011,A/Srinigar/234/2011,A/Srinigar/385/2011,A/Tanzania/386/2009,A/Bolivia/1516/2010,A/NewHampshire/3/2010,A/Singapore/57/2009,A/Dnipropetrovsk/448/2010,A/NewYork/10/2009,A/Kenya/3862/2010,A/Peru/8409/2009,A/Nigeria/5382/2011,A/Nigeria/7781/2012,A/Nigeria/3310/2010,A/BurkinaFaso/595/2012,A/BurkinaFaso/26/2012,A/Ethiopia/180/2012,A/Minnesota/16/2012,A/Ethiopia/198/2012,A/India/4725/2009,A/Venezuela/27/2010,A/Paraguay/901/2010,A/Arizona/7/2010,A/Idaho/14/2009,A/NorthCarolina/35/2009,A/CostaRica/5529/2010,A/Hawaii/19/2010,A/Alabama/6/2010,A/Taiwan/439/2010,A/India/3508/2010,A/Mississippi/4/2010,A/Arizona/5/2010,A/Panama/307207/2010,A/CostaRica/6692/2010,A/Uganda/617/2011,A/India/8910/2010,A/Srinigar/126/2011,A/Argentina/7/2011,A/Hawaii/16/2010,A/Ayutthaya/283/2012,A/Gyeongnam/3526/2012,A/Arkansas/6/2010,A/Mississippi/4/2011,A/HongKong/3973/2011,A/Saipan/6194/2012,A/Hawaii/47/2012,A/California/24/2011,A/AmericanSamoa/4520/2011,A/Florida/15/2012,A/Utah/16/2012,A/Wisconsin/11/2012,A/Venezuela/620/2012,A/CostaRica/6288/2012,A/Mexico/3720/2011,A/SouthCarolina/13/2012,A/Peru/429/2012,A/SouthCarolina/15/2012,A/Peru/2023/2012,A/Peru/505/2012,A/Hunan-Xiangtan/141/2011,A/Nonthaburi/78/2011,A/PuertoRico/25/2011,A/PuertoRico/9/2011,A/PuertoRico/4/2011,A/Vietnam/105/2012,A/Hawaii/5/2011,A/Srinigar/827/2011,A/Indiana/167/2012,A/Panama/313106/2013,A/Bangladesh/8399/2012,A/Virginia/13/2012,A/Srinigar/1186/2011,A/Kenya/2708/2010,A/Florida/15/2010,A/PuertoRico/5/2011,A/PuertoRico/2/2011,A/Illinois/2/2011,A/India/4947/2011,A/Kenya/1215/2011,A/Kenya/2994/2011,A/Panama/309335/2011,A/Iquique/50771/2012,A/Paraguay/191/2011,A/Argentina/48/2012,A/Argentina/41/2012,A/Pennsylvania/14/2011,A/Bangladesh/9751/2011,A/Maryland/31/2012,A/Ethiopia/128/2012,A/Oman/1528/2011,A/Oman/292/2012,A/Phuket/294/2012,A/Sainshand/1940/2012,A/Texas/90/2012,A/NorthCarolina/20/2012,A/Cambodia/10077/2013,A/Bangladesh/2033/2012,A/Ethiopia/185/2012,A/Bangladesh/8063/2012,A/Bangladesh/6154/2012,A/Ethiopia/205/2012,A/Bangladesh/5041/2012,A/Uganda/1625/2014,A/Uganda/856/2014,A/NewMexico/8/2011,A/Suriname/221/2011,A/Texas/10/2011,A/Bangladesh/2110/2011,A/Colombia/1400/2011,A/Florida/38/2012,A/Brazil/5672/2012,A/Brazil/1203/2012,A/Nebraska/10/2012,A/Argentina/1033/2012,A/Brazil/8746/2012,A/Bangladesh/8324/2011,A/India/5756/2011,A/India/449/2012,A/India/447/2012,A/Michigan/24/2012,A/Peru/193/2013,A/CostaRica/5802/2013,A/Texas/27/2013,A/Niakhar/937/2013,A/Vietnam/CD291/2013,A/Suriname/24/2013,A/Vietnam/3041/2013,A/Ecuador/1373/2013,A/Tanzania/309/2012,A/India/2227/2012,A/NewJersey/7/2012,A/Vietnam/173/2013,A/Kenya/128/2013,A/India/2080/2012,A/Gansu-Ganzhou/35/2012,A/Arizona/1/2013,A/Tanzania/2131/2012,A/MarDelPlata/10091/2013,A/Niakhar/2685/2013,A/India/5416/2012,A/Nebraska/5/2013,A/Hawaii/1/2013,A/Brazil/301/2013,A/Brazil/8500/2013,A/Ontario/RV3535/2014,A/Louisiana/5/2013,A/HongKong/5008/2013,A/Amazonas/129967-IEC/2014,A/Congo/2278/2014,A/HongKong/5958/2014,A/Bolivia/559/2013,A/Bolivia/973/2014,A/Brazil/122/2014,A/Bangladesh/2002/2013,A/Indiana/12/2013,A/Florida/42/2013,A/Montana/4/2014,A/Chanthaburi/190/2014,A/Guatemala/58/2014,A/Nonthaburi/375/2014,A/Nonthaburi/2398/2014,A/Jeonbuk/312/2015,A/Bangladesh/3003/2013,A/Georgia/4/2013,A/Hawaii/7/2014,A/Colorado/13/2013,A/Peru/199/2013,A/Brazil/2992/2014,A/Bahrain/575/2014,A/Uruguay/379/2014,A/FrenchGuiana/1065/2014,A/Arkansas/16/2013,A/PuertoRico/16/2014,A/Bahrain/231/2013,A/Santiago/80550/2013,A/Bolivia/696/2013,A/Argentina/362/2013,A/India/2213/2013,A/Texas/2/2014,A/Congo/2275/2014,A/NewYork/9/2014,A/Santiago/66221/2014,A/Panama/315031/2014,A/CostaRica/3550/2014,A/Brazil/8301/2014,A/California/13/2014,A/Concepcion/39750/2015,A/Colombia/497/2015,A/Valdivia/78346/2015,A/India/5964/2014,A/Lao/56/2015,A/Alaska/36/2014,A/Ethiopia/63/2014,A/HongKong/5994/2014,A/Egypt/4758/2014,A/Ethiopia/1149/2014,A/CostaRica/2681/2014,A/Brazil/4451/2014,A/Bahrain/602/2014,A/Egypt/4372/2014,A/Colombia/4522/2015,A/Colombia/4280/2015,A/Colombia/4335/2015,A/Colombia/2537/2015,A/Ecuador/2375/2015,A/Lao/951/2014,A/Lao/952/2014,A/Lao/66/2015,A/Lao/193/2015,A/Minnesota/15/2014,A/Minnesota/8/2014,A/California/56/2014,A/Vietnam/6024/2016,A/Indiana/21/2016,A/Minnesota/32/2015,A/Vietnam/6025/2016,A/Iowa/53/2015,A/Vietnam/6041/2016,A/Shanghai-Putuo/1860/2015,A/Shanghai-Jiading/1970/2015,A/NorthDakota/2/2014,A/Wisconsin/20/2014,A/Lao/1187/2014,A/Alaska/38/2014,A/Alaska/37/2014,A/HongKong/7561/2014,A/DominicanRepublic/9333/2015,A/DominicanRepublic/9252/2015,A/Dominica/676/2015,A/CostaRica/1091/2016,A/CostaRica/7878/2015,A/Guatemala/178/2016,A/Nicaragua/8173/2015,A/Guatemala/80/2016,A/Guatemala/86/2016,A/Florida/63/2014,A/Wisconsin/51/2014,A/California/23/2015,A/FrenchGuiana/4072/2015,A/Peru/4/2015,A/Ulsan/58/2015,A/Gyeongbuk/408/2015,A/Ulsan/53/2015,A/Florida/62/2014,A/Hawaii/41/2015,A/Mali/84/2016,A/Mali/26HGT/2015,A/Daegu/2001/2014,A/Maevatanana/4194/2015,A/Antananarivo/3825/2016,A/Bangladesh/9584/2015,A/Hawaii/50/2015,A/Hawaii/64/2014,A/Paraguay/1871/2015,A/Paraguay/5333/2015,A/Paraguay/1876/2015,A/California/33/2015,A/Mali/71Ci/2015,A/Zambia/302/2015,A/SouthAfrica/5287/2015,A/Congo/742/2016,A/Congo/691/2016,A/India/2167/2013,A/India/3743/2013,A/Bangladesh/5010/2015,A/Florida/47/2015,A/Bangladesh/3/2015,A/Taiwan/1036/2015,A/HongKong/11699/2015,A/Bangladesh/4008/2015,A/Bangladesh/9001/2015,A/Bangladesh/3002/2015,A/Bangladesh/20007/2015,A/Indonesia/Nihrd-Plk135/2016,A/Nepal/142/2016,A/Nepal/810/2015,A/Nepal/202/2016,A/Nepal/3574/2015,A/Nepal/782/2015,A/Kenya/109/2016,A/Kenya/102/2016,A/Kenya/104/2016,A/Nepal/147/2016,A/Afghanistan/112/2016,A/Ethiopia/1784/2015,A/Arizona/40/2015,A/HongKong/15581/2015,A/Michigan/45/2015,A/NewYork/61/2015,A/Bangladesh/8007/2015,A/Bahrain/1003/2015,A/Bahrain/504/2015,A/Oman/4783/2016,A/Massachusetts/24/2015,A/Lao/858/2016,A/Lao/656/2017,A/HongKong/2318/2016,A/Lao/1035/2017,A/Lao/365/2017,A/Lao/1448/2017,A/HongKong/223/2017,A/HongKong/3648/2017,A/Lao/4573/2016,A/Lao/4633/2016,A/Lao/2618/2016,A/PrachuapKhiriKhan/314/2016,A/Lao/1117/2017,A/Lao/2979/2016,A/Lao/3660/2016,A/Kanagawa/206/2016,A/India/5714/2015,A/Antananarivo/3663/2016,A/StPetersburg/11/2015,A/CostaRica/5068/2016,A/Singapore/GP1908/2015,A/Michigan/70/2015,A/Congo/121/2017,A/Colombia/1157/2016,A/NewZealand/841/2016,A/NewZealand/967/2016,A/Armenia/1325/2016,A/Pakistan/1383/2016,A/NewZealand/1148/2016,A/Ecuador/2572/2016,A/California/153/2016,A/Suriname/1295/2016,A/Suriname/1437/2016,A/Ecuador/33/2017,A/Suriname/1289/2016,A/Colombia/3732/2017,A/Oman/5450/2016,A/Bolivia/493/2017,A/Bolivia/800/2017,A/Antsirabe/5599/2016,A/Sapporo/94/2016,A/Dnipro/765/2016,A/NewZealand/842/2016,A/Mexico/4115/2016,A/Colombia/973/2016,A/Mozambique/344/2017,A/Hawaii/85/2016,A/Bolivia/351/2017,A/California/172/2016,A/Mexico/4211/2016,A/Mexico/4213/2016,A/Mexico/4262/2016,A/HongKong/2369/2016,A/Nepal/417/2016,A/Vietnam/6045/2016,A/Lao/3129/2016,A/Yunnan-Simao/1989/2016,A/Yunnan-Wuhua/1938/2016,A/Vietnam/6042/2016,A/Panama/318595/2016,A/Victoria/501/2016,A/Taiwan/780/2016,A/Pernambuco/138700/2016,A/Brazil/1168/2016,A/Pernambuco/139510-IEC/2016,A/Pernambuco/138673-IEC/2016,A/Bahia/133/2017,A/Afghanistan/92/2016,A/Afghanistan/87/2016,A/Peru/716/2016,A/Paraguay/3397/2016,A/Cambodia/1326/2015,A/Arizona/40/2017,A/Kyiv/316/2017,A/Mali/199/2017,A/Mali/95/2017,A/Mali/106/2017,A/Lao/2197/2017,A/Shanghai-Huangpu/13439/2016,A/NewJersey/25/2017,A/Guizhou-Qingzhen/1331/2017,A/HongKong/3650/2017,A/Suriname/2158/2017,A/BurkinaFaso/2105/2017,A/BurkinaFaso/2106/2017,A/BurkinaFaso/2108/2017,A/BurkinaFaso/145/2017,A/Mali/19/2017,A/Mali/25/2017,A/Tomsk/1767/2016,A/Montenegro/324/2016,A/Tomsk/10/2016,A/Vietnam/GHS689/2017,A/Vietnam/Lisn148/2017,A/Vietnam/GHS741/2017,A/Nonthaburi/393/2015,A/Cheboksary/128/2016,A/Nepal/527/2016,A/Nepal/516/2016,A/Esteli/33/2016,A/StPetersburg/156/2016,A/Ceara/141587-IEC/2016,A/Bolivia/586/2017,A/Kentucky/21/2017,A/Colombia/1466/2016,A/Honduras/9053/2016,A/NewZealand/1937/2016,A/HongKong/2352/2016,A/Ceara/145605-IEC/2017,A/Bolivia/2127/2016,A/Brazil/536/2017,A/Brazil/526/2017,A/Montana/50/2016,A/California/45/2017,A/CostaRica/4631/2016,A/Brazil/8394/2016,A/NewMexico/53/2016,A/Mexico/2051/2017,A/Peru/9716/2016,A/Texas/157/2016,A/Taiwan/1407/2017,A/Bahrain/263/2017,A/Bangladesh/1005/2017,A/NewZealand/591/2017,A/India/9574/2016,A/India/9573/2016,A/India/1710/2017,A/Bahrain/211/2017,A/Maldives/71/2017,A/Maldives/446/2017,A/Maldives/176/2017,A/Bangladesh/1222/2017,A/Bangladesh/11/2017,A/Bangladesh/1012/2017,A/India/1030/2017,A/Arizona/33/2017,A/Pakistan/77/2017,A/Ontario/RV2297/2017,A/Georgia/17/2017,A/India/1706/2017,A/Michigan/279/2017,A/HongKong/4997/2017,A/Maldives/1499/2017,A/Tanzania/144/2018,A/India/7078/2017,A/India/9929/2017,A/Oman/4775/2017,A/Pakistan/456/2018,A/NewZealand/2341/2017,A/Taiwan/1437/2017,A/California/73/2017,A/Philippines/935/2017,A/Tokyo/EH1608/2017,A/Pakistan/317/2017,A/Ecuador/533/2017,A/Vietnam/216/2018,A/NewZealand/2280/2017,A/NewZealand/2264/2017,A/Michigan/272/2017,A/Ontario/RV2293/2017,A/AbuDhabi/130/2018,A/India/3188/2018,A/Aichi/17/2018,A/Phetchaburi/1136/2018,A/Lao/220/2018,A/AbuDhabi/178/2017,A/Alabama/22/2017,A/India/2613/2017,A/India/5869/2017,A/Oman/5276/2017,A/India/4769/2018,A/Cambodia/1161/2017,A/India/4316/2018,A/SouthAfrica/R09314/2018,A/SouthAfrica/5719/2018,A/Brazil/823713/2018,A/Minnesota/34/2018,A/NewJersey/13/2018,A/Alabama/2/2018,A/Cambodia/1095/2017,A/India/322/2017,A/Indiana/36/2017,A/Chanthaburi/317/2018,A/Bolivia/1696/2018,A/Bolivia/2144/2018,A/Beijing-Xicheng/1633/2018,A/Dundgovi/1639/2018,A/Lao/3795/2017,A/Illinois/1/2019,A/Minnesota/60/2018,A/Suriname/288/2018,A/ElSalvador/667/2018,A/Tanzania/1175/2018,A/Tanzania/1177/2018,A/India/1035/2017,A/Bangkok/99/2018,A/AbuDhabi/136/2018,A/India/1038/2017,A/Ecuador/3670/2017,A/Peru/7118/2018,A/Argentina/13782/2018,A/Pennsylvania/126/2018,A/Ecuador/385/2018,A/Ecuador/271/2018,A/Argentina/224/2018,A/Bolivia/1912/2018,A/Coyhaique/95157/2018,A/Bahrain/384/2018,A/Bahrain/381/2018,A/BurkinaFaso/821/2018,A/BurkinaFaso/954/2018,A/Trinidad/2176/2017,A/Cambodia/905/2017,A/Oman/2080/2018,A/Nigeria/3406/2018,A/DominicanRepublic/514/2018,A/Oman/1295/2018,A/Hunan-Wuling/1468/2018,A/AbuDhabi/186/2017,A/SouthAfrica/R10451/2018,A/Idaho/7/2018,A/Kentucky/33/2018,A/Nevada/2/2018,A/Santiago/108998/2018,A/NewZealand/1755/2017,A/NakhonRatachasima/217/2017,A/NewMexico/19/2017,A/HongKong/4820/2017,A/Taiwan/80642/2018,A/Kuwait/6371/2018,A/Taiwan/79432/2018,A/DominicanRepublic/229/2018,A/Arizona/64/2017,A/Brazil/5026/2017,A/AbuDhabi/18/2017,A/India/2823/2017,A/India/3405/2017,A/Congo/623/2017,A/Congo/520/2017,A/Congo/571/2017,A/Macedonia/283/2018,A/Kenya/112/2018,A/DominicanRepublic/324/2018,A/Macedonia/246/2018,A/Switzerland/2656/2017,A/Bolivia/118/2018,A/Bolivia/290/2018,A/Bolivia/1906/2018,A/SouthAfrica/R08871/2018,A/Taiwan/80730/2018,A/Maldives/369/2018,A/Kazakhstan/581/2018,A/Martinique/87/2017,A/SouthAfrica/R10079/2018,A/Uganda/6108/2018,A/Dnipro/413/2018,A/Bangladesh/256/2018,A/Bangladesh/254/2018,A/AbuDhabi/108/2018,A/Bangladesh/159/2018,A/Bangladesh/249/2018,A/Bangladesh/9012/2018,A/Santiago/106364/2018,A/Bangladesh/1500/2018,A/Bangladesh/1472/2018,A/DominicanRepublic/493/2018,A/NewYork/2/2019,A/CoteDIvoire/1901/2017,A/CoteDIvoire/1905/2017,A/Bolivia/171/2018,A/AbuDhabi/105/2018,A/SierraLeone/108/2018,A/SierraLeone/105/2018,A/SierraLeone/145/2018,A/Switzerland/3330/2017,A/Guyane/341/2017,A/DominicanRepublic/267/2018,A/Iowa/59/2018,A/Bangkok/148/2018
crick worldwide influenza centre	2533			unknown	A/Iraq/361/2014,A/Jordan/11574/2015,A/Oman/259/2015,A/Kocaeli/1135/2014,A/Istanbul/1584/2014,A/Perugia/34/2015,A/Jordan/20208/2015,A/Israel/Q-504/2015,A/Jordan/20636/2015,A/CentralAfricanRepublic/854/2015,A/Iraq/481/2015,A/Iraq/835/2014,A/Lisbon/30/2015,A/Dakar/5/2015,A/Dnipro/448/2015,A/Norway/2320/2015,A/Dakar/3/2015,A/Dnipro/454/2015,A/Cameroon/15V-3719/2015,A/Cameroon/15V-2860/2015,A/Cameroon/15V-8802/2015,A/Cameroon/15V-2691/2015,A/Constanta/179080/2015,A/Zambia/4-00302/2015,A/Norway/2330/2015,A/Ghana/FIP206/2015,A/HongKong/11688/2015,A/Jordan/11902/2015,A/Jordan/30397/2015,A/Mauritius/I-274/2015,A/Zambia/6-00039/2015,A/Zambia/4-00423/2015,A/Jordan/30342/2015,A/Iceland/53/2015,A/Aragon/1615/2015,A/Dakar/14/2016,A/Oman/8208/2016,A/Norway/3591/2016,A/Jordan/20404/2016,A/Spain/112307/2015,A/Ankara/2324/2015,A/Kharkiv/963/2016,A/Qatar/10-VI-17-0001917/2017,A/Oman/857/2017,A/Norway/4555/2016,A/Madagascar/5599/2016,A/Jordan/10816/2016,A/Ghana/DILI-16-0317/2016,A/Dnipro/766/2016,A/Odessa/689/2016,A/Jordan/30495/2015,A/England/950/2016,A/HongKong/2394/2016,A/CoteDIvoire/475/2016,A/Egypt/1322/2016,A/Oman/6472/2016,A/Switzerland/19464226/2016,A/Moscow/132/2016,A/Tunisia/1033/2017,A/Norway/2339/2017,A/SaudiArabia/4009/2015,A/SaudiArabia/78741/2015,A/Algeria/G0283/16/2015,A/Egypt/1570/2016,A/Bretagne/1184/2017,A/Croatia/3667/2016,A/SaudiArabia/1034579050/2017,A/Oman/3205/2017,A/SaudiArabia/253107/2017,A/Qatar/10-VI-17-0019774/2017,A/HongKong/2163/2017,A/SaudiArabia/1133704245/2017,A/Oman/3302/2017,A/SaudiArabia/1017089598/2017,A/Oman/3415/2017,A/Norway/3168/2017,A/Oman/3192/2017,A/Iceland/85/2018,A/Qatar/10-vi-18-0039784/2018,A/ClermontFerrand/2061/2017,A/NorthernIreland/12940/2018,A/NorthernIreland/16810/2018,A/Slovenia/558/2018,A/Lithuania/MB12533/2018,A/Oman/6247/2018,A/Qatar/10-VI-18-0043130/2018,A/Qatar/10-VI-18-0043633/2018,A/Ghana/594/2018,A/Ghana/2419/2018,A/Mauritius/I-1002/2018,A/Mauritius/I-975/2018
erasmus medical center	142			unknown	A/Netherlands/189/2019,A/Netherlands/281/2019,A/Netherlands/261/2019
evandro chagas institute	9			unknown	A/Para/151778-IEC/2018
guangzhou institute of respiratory diseases (gird)	1			unknown	A/Guangdong/GLW/2018
hangzhou center for disease control and prevention	8			unknown	A/Hangzhou/A75/2013
health protection agency	152			unknown	A/England/621/2013
hospital cl?nic de barcelona	72			unknown	A/Catalonia/738728S/2018
hospital universitari vall d'hebron	288			unknown	A/Catalonia/NSVH100378559/2016,A/Catalonia/NSVH100403368/2016,A/Catalonia/NSVH110673676/2018,A/Catalonia/NSVH100971388/2019
institut pasteur	705			unknown	A/Lorraine/7214/2009,A/Paris/196/2012,A/Lorraine/1257/2012,A/Bretagne/602/2011,A/Paris/345/2014,A/Lorraine/1587/2015,A/Centre/2110/2016,A/Paris/99/2016,A/Paris/1447/2017,A/Paris/1289/2017,A/Paris/1459/2017,A/Centre/760/2019,A/Bretagne/925/2019,A/Paris/1578/2017,A/Centre/924/2019,A/ChampagneArdenne/860/2019
instituto de salud carlos iii	1658			unknown	A/Navarra/1985/2017
instituto de salud publica de chile	78			unknown	A/Temuco/58228/2015,A/Lota/51221/2015,A/Santiago/51750/2015,A/Talca/72908/2015,A/Linares/69253/2015,A/Victoria/50915/2015
instituto oswaldo cruz fiocruz   laboratory of respiratory viruses and measles (lvrs)	379			unknown	A/Parana/16/2015,A/Parana/756/2015,A/Parana/710/2015,A/Bahia/1858/2016
kenya medical research institute	38			unknown	A/Kikuyu/185/2009,A/Kisumu/61/2009,A/Nyeri/478/2009,A/Nakuru/192/2009,A/Nairobi/24/2010,A/Nairobi/72/2010
kenyatta university	1			unknown	A/Kisumu/56/2009
malbran	41			unknown	A/Tucuman/I192/2012
microbiology services colindale, public health england	1347			unknown	A/England/204/2009,A/England/434/2009,A/England/XFL00418/2009,A/England/67/2010,A/England/673/2013,A/England/34520778/2013,A/England/339/2016,A/England/62320772/2016,A/England/628/2016,A/England/87/2016,A/England/621/2016,A/England/431/2015,A/England/352/2015,A/England/71000568/2017,A/England/72260786/2017,A/England/595/2018,A/England/73280602/2017,A/England/62/2017,A/England/563/2018
ministry of health, singapore	422			unknown	A/Singapore/GP412/2013,A/Singapore/GP266/2013,A/Singapore/KK1067/2013,A/Singapore/KK1064/2013,A/Singapore/KK859/2015,A/Singapore/TT271/2015,A/Singapore/KK777/2015,A/Singapore/KK385/2015,A/Singapore/GP1775/2015,A/Singapore/TT543/2015,A/Singapore/TT1275/2015,A/Singapore/ED0060/2016,A/Singapore/INFKK-16-0209/2016,A/Singapore/TT1329/2015,A/Singapore/INFEN-16-0247/2016,A/Singapore/INFGP-16-0306/2016,A/Singapore/GP2315/2017,A/Singapore/GP2298/2017,A/Singapore/TT0998/2018,A/Singapore/GP2134/2018
national institute for biological standards and control (nibsc)	9			unknown	A/California/7/2009
national institute for medical research	1648			unknown	A/Ghana/FS/10-4400/2010,A/Dakar/11/2011,A/Dakar/18/2011,A/Dakar/29/2011,A/Dakar/3/2012,A/Ghana/FS-0895/2012,A/Gambia/G0070536/2012,A/Dakar/20/2012,A/Israel/644/2009,A/Austria/503100/2009,A/Israel/MF4683/2009,A/HongKong/5099/2009,A/KathmanduBGN/7-3/2009,A/Senegal/24/2010,A/Armenia/N53/2009,A/Lisbon/118/2009,A/Qatar/88/2009,A/Tajikistan/306/2009,A/Albania/2193/2009,A/NorthernIreland/1/2010,A/HongKong/1886/2010,A/HongKong/2212/2010,A/CapeTown/29/2010,A/HongKong/3960/2011,A/Slovakia/1634/2010,A/Slovakia/1624/2010,A/Cameroon/LEID-06-10-590/2010,A/Norway/924/2011,A/Samsun/TR-39/2011,A/Johannesburg/128/2011,A/Johannesburg/150/2011,A/Qatar/89/2009,A/Madagascar/1/2010,A/Iceland/59/2011,A/Mauritius/MP-t/2009,A/Cyprus/S17/2009,A/SouthAfrica/2/2009,A/Ghana/FS-09-1306/2009,A/Cameroon/10v-00413/2010,A/Israel/MF17568/2009,A/Switzerland/3628801/2010,A/Hevecam/11V-19274GVFI/2011,A/Cameroon/LEID/04/11/1671/2011,A/Cameroon/LEID/01/11/1450/2011,A/Cameroon/LEID/01/11/1467/2011,A/Cameroon/LEID-03-11-1616/2011,A/Ghana/763/2011,A/Yopougon/GR276/2012,A/Adjame/GR558/2012,A/Yopougon/GR553/2012,A/Ghana/ARI1181/2011,A/Yaounde/11V-18762/2011,A/Yaounde/11V-18442/2011,A/Cyprus/5800/2010,A/Moldova/717/2010,A/Ghana/FS-1976/2010,A/Ghana/FS-10-4023/2010,A/Ghana/FS-390/2010,A/Ghana/FS-2135/2010,A/Ghana/FS-10-4466/2010,A/Luxembourg/42/2010,A/HongKong/3972/2011,A/HongKong/3971/2011,A/Grenoble/1772/2011,A/Norway/717/2012,A/Norway/1041/2012,A/Madagascar/3520/2011,A/Madagascar/8753/2011,A/Madagascar/9252/2011,A/Madagascar/695/2012,A/Madagascar/566/2012,A/Madagascar/863/2012,A/Lyon/CHU/5227,A/Fukuoka-C/8/2013,A/Mauritius/716/2012,A/Ghana/DILI-0518/2012,A/Madagascar/7473/2010,A/LaReunion/815/2010,A/Johannesburg/119/2010,A/Ghana/FS-10-4259/2010,A/Neuquen/50677674/2011,A/Netherlands/492/2012,A/Netherlands/507/2012,A/Georgia/208/2012,A/SantaFe/333171/2012,A/Formosa/V2361/2012,A/Tucuman/A382/2012,A/Tucuman/A480/2012,A/Denmark/115/2010,A/Egypt/96/2010,A/England/576/2012,A/Annaba/G687/2012,A/Cameroon/13V-2186/2013,A/Cameroon/13V-2644/2013,A/Dmanisi/823/2013,A/Slovenia/740/2013,A/Ghana/DARI-0095/2014,A/Ghana/DILI-14-0567/2014,A/Ghana/FS-14-1069/2014,A/Ghana/DILI-0582/2014,A/Ghana/DILI-0620/2014,A/Ghana/DILI-0618/2014,A/Mauritius/214/2013,A/Cheb/24/2013,A/Norway/2144/2012,A/StPetersburg/33/2013,A/Guizhou-Qingzhen/SWL1251/2013,A/SouthAfrica/4706/2013,A/SouthAfrica/2118/2013,A/CoteDIvoire/1926/2013,A/CoteDIvoire/12/2014,A/CoteDIvoire/2273/2013,A/SouthAfrica/826/2013,A/Togo/LNG/344/2013,A/Tubas/14/2012,A/Norway/2060/2013,A/Madagascar/1123/2013,A/Dakar/6/2014,A/Dakar/8/2014,A/Dakar/2/2014,A/Dakar/7/2014,A/Dakar/3/2013,A/Gambia/G0123336/2013,A/Gambia/G0128340/2013,A/Gambia/G0123440/2013,A/Gambia/G0123340/2013,A/Gambia/G0136336/2013,A/SouthAfrica/3686/2013,A/SouthAfrica/3626/2013,A/Tomsk/3/2014,A/Mogilev/1570/2014,A/Khabarovsk/6/2014,A/Cyprus/F18/2014,A/Kanagawa/163/2014,A/HongKong/8111529/2015,A/HongKong/8112398/2015,A/Kazakhstan/3350/2013,A/Kazakhstan/3315/2013,A/Moscow/18/2013,A/Kazakhstan/3271/2013,A/Ireland/18909/2014,A/Denizli/1258/2013,A/LaReunion/2049/2014,A/LaReunion/2040/2014,A/CoteDIvoire/2093/2013,A/HongKong/6019/2013,A/Cyprus/F22/2014,A/Oman/903/2014,A/SouthAfrica/4042/2014,A/Lorestan/89914/2014,A/Jordan/30260/2014,A/HongKong/6110/2014,A/Oman/4902/2014,A/Oman/5074/2014,A/Oman/4230/2014,A/Setif/2/2015,A/Nice/2419/2014,A/HongKong/7531/2014,A/Finland/472/2014,A/Israel/P-412/2014,A/Belgium/G651/2014,A/Luxembourg/14069580/2014,A/Norway/2417/2013,A/RheinlandPfalz/14/2014
national institute for public health and the environment (rivm)	191			unknown	A/Bilthoven/4601300069/2013,A/Bilthoven/4601300070/2013,A/Netherlands/3165/2017,A/Netherlands/10070/2019,A/Aruba/10003/2019,A/Netherlands/10067/2019,A/Netherlands/10055/2019,A/Netherlands/10034/2019,A/Aruba/10001/2019,A/Netherlands/10052/2019,A/Netherlands/10056/2019,A/Netherlands/10033/2019,A/Netherlands/10038/2019
national institute of health research and development	40			unknown	A/Indonesia/NIHRDI-TGR521/2012,A/Indonesia/NIHRDI-YG0385/2012,A/Indonesia/NIHRDI-PLK0035/2012,A/Indonesia/NIHRDI-DPS805/2012,A/Indonesia/NIHRDS11-SDS013/2012
national institute of hygiene	26			unknown	A/Morocco/270/2009,A/Morocco/1515/2009,A/Morocco/472/2016
national institute of infectious diseases (niid)	2120			unknown	A/Kawasaki/105/2009,A/Osaka/2032/2009,A/Chiba/17/2010,A/Lao/JP1424/2009,A/Yokohama/1000/2009,A/Okinawa/74/2010,A/Chiba/12/2010,A/Nagano/2181/2010,A/Yamaguchi/23/2010,A/Saitama/374/2009,A/Yamagata/29/2010,A/Yamagata/107/2010,A/Shiga/44/2009,A/Fukui/1/2010,A/Tottori/45/2010,A/Saitama/88/2012,A/Oita/61/2010,A/Niigata/1233/2009,A/Akita/5/2010,A/Taiwan/151/2010,A/Hyogo/3024/2010,A/Taiwan/729/2010,A/Wakayama-C/50/2010,A/Nara/48/2011,A/Yokosuka/50/2010,A/Chiba-C/41/2010,A/Nagano/2142/2010,A/Saitama/84/2010,A/Saitama/77/2010,A/Saitama/177/2010,A/Chiba-C/16/2011,A/Saitama/319/2011,A/Mie/2/2013,A/Yokohama/154/2012,A/Aomori/39/2011,A/Osaka/71/2010,A/Hiroshima/18/2012,A/Hiroshima/17/2012,A/Kanagawa/74/2010,A/Saitama/289/2011,A/Kobe/206/2011,A/Taiwan/989/2012,A/Saitama/301/2011,A/Saitama/80/2012,A/Aichi/59/2013,A/Kyoto-C/3/2012,A/Saitama/131/2013,A/Tokyo/32378/2013,A/Osaka-C/2005/2013,A/Yokosuka/11/2013,A/Gyeonggi/2623/2010,A/Taiwan/988/2012,A/Kumamoto-C/39/2011,A/Vietnam/NT13-77/2013,A/Sapporo/4/2012,A/Shimane/72/2012,A/Shizuoka/59/2012,A/Nepal/469/2013,A/Nepal/285/2013,A/Toyama/65/2013,A/Yokohama/156/2013,A/Shimane/108/2013,A/Lao/I766/2013,A/Lao/SA475/2013,A/Lao/I829/2013,A/Lao/SA333/2013,A/Chiba-C/43/2013,A/Hyogo/2002/2013,A/Taiwan/691/2013,A/Lao/O031/2013,A/Lao/O032/2013,A/Nepal/50/2013,A/Nepal/183/2013,A/Nepal/184/2013,A/Yamagata/266/2012,A/Mie/21/2013,A/Nepal/662/2013,A/Nepal/89/2013,A/Taiwan/1024/2013,A/Sapporo/29/2014,A/Kanagawa/152/2013,A/Lao/I018/2014,A/Lao/I092/2014,A/Taiwan/362/2014,A/Nepal/257/2014,A/Nepal/446/2014,A/Tokyo/32417/2013,A/Wakayama-C/43/2013,A/Saitama/134/2013,A/Lao/I717/2014,A/Kanagawa/165/2014,A/Wakayama-C/106/2015,A/Nepal/460/2014,A/Wakayama/153/2013,A/Shimane/124/2013,A/Yamaguchi/35/2014,A/Lao/I448/2014,A/Miyazaki/60/2014,A/Taiwan/646/2015,A/Nepal/1232B/2014,A/Nepal/2582B/2014,A/Fukushima/95/2014,A/Saitama-C/31/2014,A/Sapporo/41/2014,A/Nagano/2319/2014,A/Taiwan/459/2014,A/Tokyo/32026/2014,A/Niigata-C/57/2014,A/Tokyo/34011/2014,A/Lao/SA097/2014,A/Mie/15/2015,A/Taiwan/612/2014,A/Saitama-C/45/2014,A/Taiwan/681/2015,A/Taiwan/554/2015,A/Myanmar/I005/2015,A/Kanagawa/55/2015,A/Wakayama/75/2015,A/Nepal/506/2014,A/Taiwan/761/2015,A/India/P153321/2015,A/Fukuoka/SDC1/2015,A/Yokohama/98/2015,A/Saitama/39/2015,A/Taiwan/1081/2015,A/Taiwan/518/2015,A/Chiba/49/2015,A/Hyogo/1043/2015,A/Nagano/2554/2015,A/Nagano/3550/2015,A/Toyama/90/2016,A/Lao/F0174/2017,A/Oita/23/2016,A/Niigata/718/2016,A/Ibaraki/69/2016,A/Saitama/103/2016,A/Yamagata/204/2016,A/Sakai/21/2017,A/Ehime/11/2017,A/Wakayama/83/2017,A/Yamaguchi/12/2017,A/Osaka-C/1/2017,A/Tokyo/EH12/2016,A/Tokyo/EH13/2016,A/Kanagawa/ZC14/2016,A/Kanagawa/IC43/2016,A/Shiga/24/2016,A/Kagawa/441/2016,A/Tokyo/16155/2016,A/Tochigi/16151/2016,A/Fukushima/77/2015,A/Taiwan/337/2016,A/Aomori/14/2016,A/Saitama/94/2016,A/Shizuoka-C/58/2016,A/Wakayama-C/131/2016,A/Hyogo/3030/2016,A/Lao/F0361/2018,A/Ulaanbaatar/3469/2016,A/Ulaanbaatar/3494/2016,A/Hyogo/1060/2017,A/Tokyo/17258/2017,A/Yokohama/121/2017,A/Saitama-C/21/2017,A/Saitama/242/2017,A/Mie/20/2017,A/Kanagawa/207/2017,A/Osaka-C/14/2018,A/Kanagawa/AC1702/2017,A/Taiwan/1438/2017,A/Osaka-C/12/2017,A/Tokyo/EH1610/2017,A/Aomori/1/2017,A/Kobe/401/2018,A/Kanagawa/ZC1708/2017,A/Kawasaki/141/2017,A/Mie/26/2018,A/Osaka-C/10/2018,A/Kanagawa/AC1710/2017,A/Aichi/201/2018,A/Yamanashi/17210/2017,A/Sakai/25/2018,A/Kanagawa/83/2018,A/Lao/F0920/2018,A/Lao/F1960/2018,A/Kanagawa/ZC1736/2018,A/Yokohama/105/2018,A/Iwate/24/2018,A/Kanagawa/AC1810/2018,A/Ehime/33/2018,A/Kochi/23/2018,A/Aichi/190/2018,A/Tokyo/18049/2018,A/Taiwan/80693/2018,A/Yokohama/90/2018,A/Tokyo/18069/2018,A/Kanagawa/AC1808/2018,A/Hiroshima/74/2018
niigata university	131			unknown	A/Vietnam/13VH1-6/2013,A/Vietnam/13VH1-1/2013,A/Myanmar/14M445/2014,A/Myanmar/14M379/2014,A/Myanmar/14M072/2014,A/Myanmar/14M139/2014,A/Okinawa/14T001/2014,A/Nagasaki/14N133/2015,A/Kyoto/15K006/2016,A/Nagasaki/15N011/2016
norwegian institute of public health	343			unknown	A/Norway/1227/2010,A/Norway/2379/2011,A/Norway/2154/2012,A/Norway/2328/2013,A/Norway/2227/2015,A/Norway/2633/2013,A/Norway/3023/2014,A/Norway/1916/2014,A/Norway/2592/2015,A/Norway/2514/2015,A/Norway/2575/2015,A/Norway/2544/2015,A/Norway/2147/2017,A/Norway/1888/2017,A/Norway/3133/2017,A/Norway/3333/2017,A/Norway/3549/2018
other database import	12238			unknown	A/California/VRDL87/2009,A/SantoDomingo/WRAIR1414N/2009,A/Dakar/WRAIR0019T/2010,A/Managua/125604/2009,A/Managua/98901/2009,A/Mexico/24052/2009,A/Himeji/1/2009,A/Utsunomiya/2/2009,A/EasternIndia/330/2009,A/Taiwan/98158/2009,A/California/WR1313P/2009,A/HongKong/H090-678-V1/2009,A/Guam/NHRC0024/2009,A/Pune/NIV8489/2009,A/Bangalore/NIV310/2009,A/Hiroshima/200/2009,A/Oman/SQUH-37/2010,A/Chile/2851/2009,A/Chile/180/2009,A/Lorestan/1599/2009,A/Guam/NHRC0018/2009,A/Nanjing/2/2010,A/Tomsk/273-MA3/2010,A/Catalonia/S1196/2009,A/Istanbul/30/2009,A/Guam/NHRC0009/2009,A/Singapore/ON201/2009,A/Habana/10291/2010,A/Netherlands/1093/2009,A/Catalonia/S1353/2009,A/Finland/836N/2010,A/Assam/2585/2010,A/Jeddah/3666/2010,A/CzechRepublic/112/2011,A/CzechRepublic/111/2011,A/Sydney/DD3-03/2010,A/Yamagata/165/2010,A/Hyderabad/NIV51/2009,A/Nashik/NIV10348/2009,A/Manitoba/RV2105/2009,A/Guam/NHRC0004/2009,A/HongKong/H090-779-V20/2009,A/Nepal/VIROAF5CS/2012,A/SaoPaulo/1454/2009,A/Wisconsin/629-D02455/2009,A/Beijing/1/2009,A/HongKong/415742/2009,A/HongKong/1/2009,A/England/401/2009,A/Hamburg/5/2009,A/Korea/1/2009,A/Catalonia/79/2009,A/Bangalore/NIV236/2009,A/Taiwan/90138/2011,A/Lagos/WRAIR1984T/2009,A/Lagos/WRAIR1984N/2009,A/Guangdong/5303/2010,A/Guangdong/296/2010,A/Guangdong/147/2011,A/Athens/INS396/2010,A/Sydney/DD3-11/2010,A/California/VRDL6/2010,A/Ecuador/IEC00027/2010,A/Ontario/RV2909/2009,A/Argentina/19618/2009,A/Wisconsin/629-D01102/2009,A/Athens/INS413/2010,A/SriLanka/20887/2010,A/SriLanka/20708/2010,A/SriLanka/20703/2010,A/Taiwan/2649/2011,A/Singapore/GP496/2011,A/Bangalore/6106-16/2010,A/Khorasan/5363/2011,A/RioGrandedoSul/359/2011,A/Brazil/AVS08/2011,A/Singapore/DMS1239/2012,A/Sanandaj/5720/2011,A/RioGrandedoSul/570/2011,A/Casablanca/117/2011,A/SriLanka/22700/2010,A/SriLanka/2290/2011,A/Peru/PER045/2011,A/Singapore/TT489/2010,A/Bangkok/SIMI506/2010,A/Nagasaki/9N057/2009,A/Lebanon/9L-29/2009,A/SriLanka/23194/2010,A/India/NIV1028800/2010,A/Uganda/MUWRP-236/2010,A/Niigata/10F117/2011,A/Japan/NHRC0004/2009,A/Guam/NHRC0014/2009,A/Catalonia/S1161/2009,A/Malaysia/2139971/2009,A/Catalonia/S1205/2009,A/EasternIndia/66/2009,A/Bangalore/11406-11/2009,A/Lebanon/9L-08/2009,A/Lebanon/9L-19/2009,A/EasternIndia/1909/2009,A/Singapore/GP3991/2009,A/Bangkok/INS426/2010,A/Vietnam/11032017/2009,A/Orenburg/IIV-13/2010,A/Vietnam/13032076/2009,A/Finland/776N/2010,A/Brazil/AVS06/2009,A/Singapore/GP3212/2009,A/Sendai/TU09/2010,A/Paraguay/138HCl/2009,A/Singapore/GP1169/2009,A/Guangdong/2281/2009,A/Korea/CJ63/2009,A/Moscow/IIV04/2009,A/NewYork/4677/2009,A/Argentina/8AR/2009,A/Brazil/AVS07/2009,A/Uganda/MUWRP-067/2009,A/Singapore/ON2035/2009,A/Argentina/19464/2009,A/Jeddah/3663/2010,A/Russia/1/2009,A/Singapore/CGH01/2011,A/SriLanka/2008/2009,A/Japan/PR1070/2009,A/Kenya/32/2009,A/Bogota/WRAIR0435N/2009,A/Singapore/DMS100/2010,A/Chile/6/2010,A/Paraguay/85HCl/2009,A/Qingdao/F404/2011,A/England/12/2010,A/Singapore/DMS69/2010,A/Singapore/GP64/2010,A/Singapore/DMS75/2010,A/Chile/52/2010,A/Singapore/DMS31/2009,A/Singapore/GP4451/2009,A/Singapore/GP4778/2009,A/Taiwan/206/2009,A/Assam/2257/2009,A/Nagasaki/9N079/2009,A/Bangalore/11658-15/2009,A/Singapore/TT421/2010,A/NewYork/2648/2010,A/NewYork/352/2009,A/Singapore/DMS145/2010,A/India/Bangalore/2010,A/Bangalore/3934-28/2010,A/Taiwan/3093/2010,A/Singapore/DMS86/2010,A/Singapore/GP185/2010,A/Taiwan/65642/2010,A/Singapore/GP2726/2010,A/Chile/23/2010,A/Chile/106/2010,A/Bangkok/INS499/2010,A/Finland/706/2009,A/Myanmar/M538/2009,A/Toyama/90/2010,A/SriLanka/33/2011,A/Bangalore/5274-20/2010,A/FuZhou/SWL11615/2010,A/Nanping/SWL1132/2011,A/Bangalore/4080-23/2010,A/Helsinki/11IH2213/2011,A/Beijing/3848/2010,A/Moscow/IIV-33/2010,A/Singapore/TT474/2010,A/Tehran/5675/2010,A/Singapore/GP382/2011,A/Taiwan/3002/2010,A/Tennessee/F2005A/2010,A/Taiwan/3502/2010,A/Ardebil/3295/2011,A/Westmead/INS3_665/2011,A/Singapore/DMS1243/2012,A/Singapore/DMS1240/2012,A/KhonKaen/INS3_649/2012,A/Taiwan/2883/2011,A/Beijing/3907/2010,A/Novosibirsk/1/2011,A/Bangalore/1326-52/2011,A/Bangalore/2327-56/2011,A/Bangalore/1974-55/2011,A/Assam/3774/2012,A/Cambodia/V1003303/2011,A/Cambodia/V0902314/2011,A/Cambodia/V0921358/2011,A/Cambodia/V1019320/2011,A/Cambodia/V1019340/2011,A/Mexico/INMEGEN-INER11/2012,A/Pernambuco/120924/2012,A/Mexico/INMEGEN-INER05/2012,A/Durham/INS3_648/2012,A/SouthCarolina/NHRC361211/2012,A/Singapore/DMS1223/2011,A/Thailand/SN11618/2011,A/Thailand/PY10296/2011,A/Taiwan/90184/2011,A/Singapore/DMS1194/2011,A/Qingdao/F163/2011,A/Westmead/INS3_662/2011,A/India/P1112874/2011,A/India/Nsk12388/2012,A/Singapore/DMS1236/2012,A/Bangalore/3432-40/2012,A/Nepal/VIROAF5/2012,A/Bangalore/1428-35/2012,A/Bangalore/2071-38/2012,A/Longyan/SWL35/2013,A/Beijing/124/2013,A/Singapore/DMS1312/2013,A/TianjinHedong/SWL156/2013,A/LaReunion/803/2010,A/Singapore/GP4217/2010,A/Sydney/DD3-26/2010,A/Bangalore/1808-53/2011,A/Lima/INS3_671/2012,A/Moscow/CRIE-HDV/2011,A/Moscow/CRIE-131/2011,A/Nicaragua/AGA2-83/2011,A/Nicaragua/AGA2-46/2011,A/Nicaragua/AGA2-45/2011,A/Nicaragua/AGA2-73/2011,A/Nicaragua/AGA2-68/2011,A/Athens/INS3_699/2011,A/Lebanon/11L008/2011,A/Lebanon/11L043/2012,A/FuZhou/SWL1155/2012,A/SriLanka/19/2012,A/Singapore/DMS1234/2012,A/Thailand/SP11743/2012,A/Thailand/PY12436/2012,A/FuZhou/SWL129/2013,A/Singapore/DMS1232/2012,A/Tomsk/IIV-19/2012,A/Singapore/DMS1237/2012,A/Thailand/MR11669/2012,A/Cambodia/W0908339/2012,A/Oman/SQUH-53/2012,A/Vladivostok/28/2012,A/Acre/118805/2012,A/Acre/118816/2012,A/Bangalore/1103-51/2011,A/India/P1114854/2011,A/India/P121778/2012,A/Bangalore/697-32/2012,A/India/P131027/2013,A/Kenya/260/2013,A/Bangalore/3361-46/2012,A/Oman/SQUH-44/2012,A/Bangalore/3925-45/2012,A/Nanping/SWL1402/2013,A/FuZhou/SWL1172/2013,A/Helsinki/1017/2013,A/Kenya/259/2013,A/XiaMen/SWL1427/2013,A/Longyan/SWL1411/2013,A/Guangdong/1513/2012,A/Bangalore/3666-41/2012,A/JiangsuGusu/SWL1824/2013,A/FuZhou/SWL1493/2013,A/Nanping/SWL1640/2013,A/Quanzhou/SWL184/2013,A/Bangalore/2008-43/2012,A/Para/122682/2013,A/Ceara/129359-IEC/2014,A/XiaMen/SWL316/2013,A/Longyan/SWL311/2014,A/XiaMen/SWL1272/2014,A/Zhangzhou/SWL2135/2014,A/Thailand/NHRC430218/2014,A/Longyan/SWL1734/2013,A/Nanping/SWL1124/2014,A/Shanghai/Mix1/2014,A/Para/129415-IEC/2014,A/Helsinki/1338/2014,A/CuTha/FS1/2014,A/Helsinki/289N/2014,A/Egypt/42/2014,A/NewYork/WC-LVD-13-026/2013,A/India/Pun1415432/2014,A/India/Pun151214/2015,A/Helsinki/808M/2014,A/Okinawa/13T001/2013,A/Kyoto/13SK076-2/2014,A/Gunma/13G024/2014,A/Zhangzhou/SWL1418/2013,A/Assam/5361/2015,A/Kenya/17/2016,A/Connecticut/7/2017,A/Michigan/123/2016
public health agency of canada (phac)	124			unknown	A/Ontario/RV0796/2019
public health agency of sweden	137			unknown	A/Stockholm/33/2017,A/Stockholm/42/2017,A/Trollhattan/2/2018,A/Stockholm/19/2018,A/Kalmar/1/2018,A/Sweden/61/2018,A/Stockholm/21/2018
public health laboratory services branch, centre for health protection	14			unknown	A/HongKong/7568/2012,A/HongKong/6610/2012,A/HongKong/6609/2012
public health wales microbiology	45			unknown	A/Cardiff/6094/2018,A/PortTalbot/9635/2018,A/Cardiff/4341/2017
robert koch institute	382			unknown	A/Berlin/176/2015
state research center of virology and biotechnology (vector)	56			unknown	A/Irkutsk/1727/2018,A/RostovOnDon/3171/2017,A/Ekaterinburg/17/2019
state research center of virology and biotechnology vector	36			unknown	A/Novosibirsk/114/2014,A/Chita/655/2014,A/Novosibirsk/121/2016
swedish institute for infectious disease control	375			unknown	A/Umea/6/2009,A/Stockholm/8/2010,A/Stockholm/35/2011,A/Stockholm/36/2011,A/Malmo/2/2010,A/Gothenburg/1/2011,A/Umea/1/2011,A/Stockholm/27/2011,A/Stockholm/30/2011,A/Stockholm/27/2012,A/Boras/1/2012,A/Stockholm/25/2012,A/Lund/1/2011,A/Umea/2/2012,A/Stockholm/28/2012,A/Skovde/3/2013,A/Stockholm/39/2015,A/Uppsala/6/2013,A/Stockholm/24/2013,A/Stockholm/38/2015,A/Stockholm/36/2016,A/Skovde/2/2016
universidad autonoma de yucatan	71			unknown	A/Yucatan/2458/2009,A/Yucatan/329/2013
university college london	30			unknown	A/Indonesia/275_S63_L001/2011,A/Indonesia/1277_S30_L001/2012,A/Indonesia/1179_S28_L001/2012,A/Indonesia/1239_S17_L001/2012,A/London/16U426028-92_S44_L001/2016
usamru k	28			unknown	A/Kenya/196/2011
who chinese national influenza center	1229			unknown	A/Chongqing/SWL1/2009,A/Fujian/SWL2/2009,A/Jiangsu-Nanjinggulou/SWL11133/2009,A/Beijing-Huairou/SWL11001/2009,A/Jiangsu-Nanchang/SWL190/2010,A/Jiangsu-Nanjinggulou/SWL11827/2009,A/Hubei-Wuchang/SWL174/2010,A/Shanxi-Chengqu/SWL581/2009,A/Xinjiang-Kuitun/SWL314/2009,A/Guangxi-Fangcheng/SWL1130/2010,A/Shanghai-Pudongxin/SWL1335/2010,A/Shanghai-Luwan/SWL1354/2010,A/Shanghai-Luwan/SWL143/2010,A/Heilongjiang-Longsha/SWL1181/2011,A/Hunan-Jishou/SWL1124/2011,A/Xinjiang-Midong/SWL1132/2012,A/Xinjiang-Hetian/swl161/2012,A/Gansu-Baiyin/SWL1189/2012,A/Xinjiang-Hetian/swl515/2012,A/Gansu-Ganzhou/SWL34/2012,A/Yunnan-Chuxiong/SWL1283/2015,A/Guangxi-Gangbei/SWL1481/2013,A/Beijing-Xicheng-Nan-Pian/SWL11619/2013,A/Guangdong-Zhongshan/SWL1323/2014,A/Heilongjiang-Taoshan/SWL1649/2014,A/Jilin-Tiexi/SWL1189/2015,A/Jiangsu-Tianning/SWL1744/2014,A/Jiangsu-Qingpu/SWL11536/2015,A/HongKong/7355/2014,A/HongKong/7373/2014,A/HongKong/7345/2014,A/HongKong/61/2015,A/Shanghai-Minxing/SWL11010/2015,A/Macau/611492/2016,A/Shanghai-Changning/SWL1988/2015,A/Guangxi-Qinnan/SWL1118/2015,A/Sichuan-Dongqu/SWL11082/2017,A/Guangxi-Jiangzhou/SWL1632/2017,A/Shanghai-Pudongxin/SWL1434/2016,A/Gansu-Chengguan/SWL527/2016,A/Yunnan-Maoshi/SWL1911/2016,A/Beijing-Xicheng/SWL116/2016,A/Guangxi-Wanxiu/SWL1171/2016,A/Guangdong-Chancheng/SWL1361/2016,A/Hunan-Yuhua/SWL11062/2016,A/Guangxi-Xiufeng/SWL512/2016,A/Guangdong-Meijiang/SWL1165/2016,A/Guangxi-Wanxiu/SWL1343/2016,A/Macau/613501/2016,A/Yunnan-Chuxiong/SWL1496/2017,A/Zhejiang-Kecheng/SWL1328/2016,A/Guangdong-Chancheng/SWL1263/2017,A/Zhejiang-Lucheng/SWL1217/2017,A/Liaoning-Guta/SWL1429/2017,A/Neimenggu-Huimin/SWL1201/2017,A/Hubei-Enshi/SWL1285/2018,A/Yunnan-Maoshi/SWL1836/2016,A/Hubei-Dongbao/SWL1750/2017,A/Macau/SWL600014/2018,A/Beijing-Dongcheng/SWL331/2017,A/Qinghai-Haiyan/SWL1482/2018,A/Xinjiang-Tianshan/SWL11169/2018,A/Hainan/SWL2018-28191/2018,A/Guangxi-Xixiangtang/SWL1753/2018,A/Guangxi-Xixiangtang/SWL1666/2018,A/Yunnan-Linxiang/1769/2018,A/Zhejiang-Shangcheng/SWL12/2019,A/Macau/SWL603937/2017,A/Xinjiang-Tianshan/SWL1860/2018,A/Fujian-Sanyuan/SWL2709/2018,A/Hainan-Wenchang/SWL1776/2018,A/Tianjin-Jinnan/SWL1493/2018,A/Beijing-Huairou/SWL1116/2019
who collaborating centre for reference and research on influenza	1990			unknown	A/Philippines/2001/2009,A/Auckland/4/2009,A/Auckland/3/2009,A/SouthAustralia/2001/2009,A/Southaustralia/162/2012,A/Brisbane/80/2009,A/Waikato/2/2010,A/Kosrae/2003/2009,A/Auckland/1/2009,A/Christchurch/2/2009,A/Victoria/2081/2009,A/Goroka/19/2010,A/Goroka/9/2010,A/Vanimo/3/2010,A/Srilanka/21/2010,A/Philippines/2469/2011,A/Philippines/477/2011,A/Darwin/2/2011,A/Victoria/2131/2009,A/Brisbane/72/2011,A/Brisbane/17/2009,A/Guam/2123/2009,A/Canberra/1/2010,A/Guam/2/2010,A/Brisbane/114/2009,A/Darwin/2145/2009,A/Victoria/1/2010,A/Vanimo/7/2010,A/Philippines/2638/2010,A/Brisbane/7/2010,A/Townsville/10/2010,A/Southauckland/20/2010,A/Victoria/662/2010,A/Southaustralia/397/2010,A/Darwin/23/2010,A/Darwin/3/2010,A/Newcaledonia/6/2011,A/Victoria/504/2011,A/Songkhla/40/2012,A/Perth/298/2012,A/Brunei/237/2010,A/Sydney/17/2011,A/Perth/194/2011,A/Perth/183/2011,A/Newcastle/17/2011,A/Sydney/525/2011,A/Brisbane/96/2012,A/Southauckland/5/2012,A/Songkhla/416/2012,A/Auckland/64/2012,A/Brisbane/3/2012,A/Brisbane/142/2011,A/Tasmania/6/2011,A/Southauckland/4/2011,A/Cambodia/11/2011,A/Cambodia/69/2011,A/Brisbane/19/2012,A/Christchurch/3/2012,A/Victoria/514/2012,A/Christchurch/105/2011,A/Townsville/95/2011,A/Brisbane/346/2011,A/Victoria/356/2011,A/Fiji/2/2012,A/Fiji/3/2012,A/Victoria/806/2013,A/Christchurch/513/2013,A/SouthAustralia/178/2012,A/Victoria/670/2010,A/Victoria/663/2010,A/Perth/382/2010,A/Sydney/12/2011,A/Brisbane/186/2011,A/Darwin/103/2011,A/Victoria/730/2011,A/Singapore/62/2011,A/Brisbane/409/2011,A/Perth/33/2012,A/Newcaledonia/51/2013,A/Newcaledonia/16/2013,A/Singapore/11/2012,A/Darwin/2/2013,A/Brisbane/6/2013,A/Perth/46/2012,A/Victoria/637/2012,A/Victoria/1027/2012,A/Darwin/65/2013,A/Southauckland/7/2013,A/Darwin/104/2013,A/Townsville/37/2013,A/Goroka/8/2013,A/Goroka/23/2013,A/Goroka/29/2013,A/Townsville/23/2013,A/Philippines/11/2013,A/Brisbane/30/2013,A/Townsville/11/2014,A/Malaysia/15/2014,A/Malaysia/32/2014,A/Darwin/11/2014,A/Brisbane/17/2014,A/Wellington/77/2014,A/SouthAfrica/3599/2014,A/Srilanka/30/2013,A/Cambodia/X0522305/2013,A/Cambodia/X0717312/2013,A/Cambodia/X0717301/2013,A/Cambodia/X0717333/2013,A/Southaustralia/30/2013,A/Sydney/82/2013,A/Southaustralia/18/2013,A/Srilanka/61/2013,A/Malaysia/9/2013,A/Srilanka/31/2014,A/Canberra/12/2013,A/Darwin/70/2013,A/Perth/3/2014,A/Sydney/64/2013,A/Fiji/8/2013,A/Suphanburi/234/2014,A/Wellington/22/2014,A/Townsville/1000/2014,A/Huttvalley/1/2014,A/Tasmania/27/2015,A/Victoria/504/2015,A/SriLanka/60/2014,A/Malaysia/9707/2015,A/SriLanka/50/2014,A/Brisbane/9/2015,A/Brisbane/6/2015,A/Chanthaburi/11/2015,A/Darwin/20/2015,A/Darwin/11/2015,A/Newcastle/1004/2015,A/Darwin/14/2015,A/Perth/103/2015,A/Darwin/19/2015,A/Canberra/1/2016,A/Victoria/503/2016,A/Canberra/1007/2014,A/Tasmania/13/2014,A/Brisbane/96/2014,A/Newcaledonia/58/2014,A/Southaustralia/77/2014,A/Victoria/4096/2014,A/Darwin/49/2014,A/Sydney/1103/2014,A/Brisbane/366/2014,A/Tasmania/55/2014,A/Brisbane/343/2014,A/Victoria/500/2015,A/Fiji/6/2014,A/Tasmania/24/2014,A/Newcastle/115/2014,A/Wellington/15/2014,A/Victoria/189/2014,A/Darwin/3/2015,A/Darwin/59/2014,A/Perth/1056/2014,A/Victoria/3076/2014,A/Canberra/98/2014,A/Sydney/1003/2015,A/Canberra/47/2015,A/SouthAuckland/33/2015,A/Newcastle/5/2015,A/Canberra/14/2015,A/Darwin/2/2015,A/SolomonIslands/7/2016,A/Brisbane/181/2015,A/Fiji/8/2016,A/Brisbane/295/2016,A/Darwin/15/2015,A/Brisbane/198/2015,A/Sydney/14/2016,A/Townsville/2/2016,A/Newcastle/1005/2016,A/Victoria/13/2016,A/SriLanka/47/2016,A/Newcastle/32/2016,A/Newcastle/52/2016,A/Fiji/3/2016,A/SouthAfrica/R4066/2016,A/SriLanka/15/2016,A/SriLanka/10/2016,A/Tasmania/116/2016,A/Sydney/117/2016,A/Cambodia/FSS33093/2016,A/Cambodia/FSS32787/2016,A/SouthAustralia/16/2017,A/Canberra/9/2017,A/Sydney/1007/2016,A/SouthAuckland/46/2017,A/Brisbane/31/2017,A/Canterbury/3/2017,A/Brisbane/17/2017,A/Perth/10/2017,A/Victoria/226/2017,A/Canterbury/7/2017,A/Brisbane/200/2017,A/Brisbane/82/2017,A/Macau/604417/2017,A/Cambodia/FSS38268/2018,A/Macau/600313/2018,A/SriLanka/3/2018,A/ChiangRai/11/2018,A/Nonthaburi/46/2018,A/Perth/21/2018,A/Perth/339/2017,A/Trang/285/2018,A/Brisbane/2/2018,A/SouthAustralia/1025/2018,A/Sydney/9/2018,A/Yasothon/82/2018,A/Perth/34/2018,A/Newcastle/10/2018,A/PapuaNewGuinea/6/2018,A/Townsville/1/2018,A/Macau/601330/2018,A/Brisbane/21/2018,A/Brisbane/37/2017,A/SouthAustralia/262/2017,A/Brisbane/48/2018,A/SouthAustralia/24/2018,A/Malaysia/RP3915/2018,A/SriLanka/63/2018,A/Townsville/8/2018,A/Townsville/21/2018,A/Tasmania/5/2018,A/Sydney/169/2018,A/Brisbane/65/2018,A/Brisbane/210/2017,A/Cambodia/c0409405/2018,A/Brunei/6/2018,A/Philippines/54/2018,A/Macau/601567/2018,A/SuratThani/61/2018,A/Sydney/31/2018,A/SouthAustralia/240/2018,A/Sydney/77/2018,A/NewCaledonia/20/2018,A/Fiji/2/2018,A/NewCaledonia/7/2017,A/Cambodia/d0102351/2019,A/SriLanka/61/2018,A/SriLanka/52/2018,A/Darwin/43/2019,A/Darwin/269/2018,A/Brisbane/1001/2019,A/Darwin/118/2018,A/Darwin/6/2018,A/SriLanka/50/2018,A/Brisbane/2/2019
who national influenza centre russian federation	362			unknown	A/Ekaterinburg/RII09/2013,A/Moscow/RII18/2013,A/Moscow/102/2017,A/Moscow/RII-512S/2018,A/StPetersburg/RII-559/2018,A/Petropavlovsk-Kamchatski/RII-3465S/2018,A/Tomsk/140-L/2018,A/Moscow/121/2018,A/StPetersburg/RII-606S/2019,A/Arkhangelsk/4/2019